{
  "stats": {
    "submitted": 21,
    "finished": 21,
    "running": 0
  },
  "data": [
    [
      1,
      null,
      1791095845,
      null,
      0.131,
      6.818771362304688e-05,
      1,
      1716825796.4416845,
      1716825796.4417527,
      {}
    ],
    [
      2,
      null,
      1791095845,
      null,
      0.515,
      6.699562072753906e-05,
      1,
      1716825796.5596566,
      1716825796.5597236,
      {}
    ],
    [
      3,
      null,
      1791095845,
      null,
      0.11499999999999999,
      6.246566772460938e-05,
      1,
      1716825797.07057,
      1716825797.0706325,
      {}
    ],
    [
      4,
      null,
      1791095845,
      null,
      0.11049999999999993,
      5.817413330078125e-05,
      1,
      1716825797.3683062,
      1716825797.3683643,
      {}
    ],
    [
      5,
      null,
      1791095845,
      null,
      0.515,
      7.43865966796875e-05,
      1,
      1716825797.7136986,
      1716825797.713773,
      {}
    ],
    [
      6,
      null,
      1791095845,
      null,
      0.12,
      8.177757263183594e-05,
      1,
      1716825799.5275981,
      1716825799.52768,
      {}
    ],
    [
      7,
      null,
      1791095845,
      null,
      0.10749999999999993,
      7.033348083496094e-05,
      1,
      1716825799.996423,
      1716825799.9964933,
      {}
    ],
    [
      8,
      null,
      1791095845,
      null,
      0.12,
      7.677078247070312e-05,
      1,
      1716825800.5666494,
      1716825800.5667262,
      {}
    ],
    [
      9,
      null,
      1791095845,
      null,
      0.21450000000000002,
      7.653236389160156e-05,
      1,
      1716825801.3340683,
      1716825801.3341448,
      {}
    ],
    [
      10,
      null,
      1791095845,
      null,
      0.10599999999999998,
      7.390975952148438e-05,
      1,
      1716825802.1331694,
      1716825802.1332433,
      {}
    ],
    [
      11,
      null,
      1791095845,
      null,
      0.11849999999999994,
      7.748603820800781e-05,
      1,
      1716825802.768438,
      1716825802.7685156,
      {}
    ],
    [
      12,
      null,
      1791095845,
      null,
      0.10499999999999998,
      7.200241088867188e-05,
      1,
      1716825803.28313,
      1716825803.283202,
      {}
    ],
    [
      13,
      null,
      1791095845,
      null,
      0.11950000000000005,
      7.295608520507812e-05,
      1,
      1716825803.4574296,
      1716825803.4575026,
      {}
    ],
    [
      14,
      null,
      1791095845,
      null,
      0.11050000000000004,
      7.033348083496094e-05,
      1,
      1716825803.664461,
      1716825803.6645312,
      {}
    ],
    [
      15,
      null,
      1791095845,
      null,
      0.127,
      6.937980651855469e-05,
      1,
      1716825804.0905375,
      1716825804.090607,
      {}
    ],
    [
      16,
      null,
      1791095845,
      null,
      0.11850000000000005,
      7.176399230957031e-05,
      1,
      1716825804.3592205,
      1716825804.3592923,
      {}
    ],
    [
      17,
      null,
      1791095845,
      null,
      0.09999999999999998,
      7.319450378417969e-05,
      1,
      1716825804.8375103,
      1716825804.8375835,
      {}
    ],
    [
      18,
      null,
      1791095845,
      null,
      0.11499999999999999,
      8.153915405273438e-05,
      1,
      1716825805.336964,
      1716825805.3370454,
      {}
    ],
    [
      19,
      null,
      1791095845,
      null,
      0.11549999999999994,
      7.2479248046875e-05,
      1,
      1716825805.8116927,
      1716825805.8117652,
      {}
    ],
    [
      20,
      null,
      1791095845,
      null,
      0.515,
      7.581710815429688e-05,
      1,
      1716825806.2720046,
      1716825806.2720804,
      {}
    ],
    [
      21,
      null,
      1791095845,
      null,
      0.515,
      6.127357482910156e-05,
      1,
      1716825808.7582366,
      1716825808.758298,
      {}
    ]
  ],
  "configs": {
    "1": {
      "methods:LightGBM:LightGBM_extra_trees": "False",
      "methods:LightGBM:LightGBM_feature_fraction": 1.0,
      "methods:LightGBM:LightGBM_learning_rate": 0.05,
      "methods:LightGBM:LightGBM_min_data_in_leaf": 31,
      "methods:LightGBM:LightGBM_num_leaves": 136
    },
    "2": {
      "methods:LightGBM:LightGBM_extra_trees": "False",
      "methods:LightGBM:LightGBM_feature_fraction": 0.6245777099925497,
      "methods:LightGBM:LightGBM_learning_rate": 0.04711573688184715,
      "methods:LightGBM:LightGBM_min_data_in_leaf": 56,
      "methods:LightGBM:LightGBM_num_leaves": 89
    },
    "3": {
      "methods:LightGBM:LightGBM_extra_trees": "True",
      "methods:LightGBM:LightGBM_feature_fraction": 0.4601361323873807,
      "methods:LightGBM:LightGBM_learning_rate": 0.07856777698860955,
      "methods:LightGBM:LightGBM_min_data_in_leaf": 12,
      "methods:LightGBM:LightGBM_num_leaves": 198
    },
    "4": {
      "methods:LightGBM:LightGBM_extra_trees": "False",
      "methods:LightGBM:LightGBM_feature_fraction": 0.49628058633256067,
      "methods:LightGBM:LightGBM_learning_rate": 0.0711342832991347,
      "methods:LightGBM:LightGBM_min_data_in_leaf": 6,
      "methods:LightGBM:LightGBM_num_leaves": 160
    },
    "5": {
      "methods:LightGBM:LightGBM_extra_trees": "False",
      "methods:LightGBM:LightGBM_feature_fraction": 0.9781976563006176,
      "methods:LightGBM:LightGBM_learning_rate": 0.01577026248478398,
      "methods:LightGBM:LightGBM_min_data_in_leaf": 40,
      "methods:LightGBM:LightGBM_num_leaves": 55
    },
    "6": {
      "methods:LightGBM:LightGBM_extra_trees": "True",
      "methods:LightGBM:LightGBM_feature_fraction": 0.7803585737907548,
      "methods:LightGBM:LightGBM_learning_rate": 0.08032810135942213,
      "methods:LightGBM:LightGBM_min_data_in_leaf": 5,
      "methods:LightGBM:LightGBM_num_leaves": 154
    },
    "7": {
      "methods:LightGBM:LightGBM_extra_trees": "False",
      "methods:LightGBM:LightGBM_feature_fraction": 0.45835595623790437,
      "methods:LightGBM:LightGBM_learning_rate": 0.09533195017847339,
      "methods:LightGBM:LightGBM_min_data_in_leaf": 7,
      "methods:LightGBM:LightGBM_num_leaves": 231
    },
    "8": {
      "methods:LightGBM:LightGBM_extra_trees": "False",
      "methods:LightGBM:LightGBM_feature_fraction": 0.4383731596725887,
      "methods:LightGBM:LightGBM_learning_rate": 0.02141835306847089,
      "methods:LightGBM:LightGBM_min_data_in_leaf": 8,
      "methods:LightGBM:LightGBM_num_leaves": 225
    },
    "9": {
      "methods:LightGBM:LightGBM_extra_trees": "False",
      "methods:LightGBM:LightGBM_feature_fraction": 0.4842104682475871,
      "methods:LightGBM:LightGBM_learning_rate": 0.06776097187257554,
      "methods:LightGBM:LightGBM_min_data_in_leaf": 37,
      "methods:LightGBM:LightGBM_num_leaves": 232
    },
    "10": {
      "methods:LightGBM:LightGBM_extra_trees": "False",
      "methods:LightGBM:LightGBM_feature_fraction": 0.41239059967943725,
      "methods:LightGBM:LightGBM_learning_rate": 0.04848901712678711,
      "methods:LightGBM:LightGBM_min_data_in_leaf": 5,
      "methods:LightGBM:LightGBM_num_leaves": 67
    },
    "11": {
      "methods:LightGBM:LightGBM_extra_trees": "True",
      "methods:LightGBM:LightGBM_feature_fraction": 0.4458920614181713,
      "methods:LightGBM:LightGBM_learning_rate": 0.04027999856442633,
      "methods:LightGBM:LightGBM_min_data_in_leaf": 18,
      "methods:LightGBM:LightGBM_num_leaves": 171
    },
    "12": {
      "methods:LightGBM:LightGBM_extra_trees": "False",
      "methods:LightGBM:LightGBM_feature_fraction": 0.4790787174426353,
      "methods:LightGBM:LightGBM_learning_rate": 0.04274971104748569,
      "methods:LightGBM:LightGBM_min_data_in_leaf": 2,
      "methods:LightGBM:LightGBM_num_leaves": 54
    },
    "13": {
      "methods:LightGBM:LightGBM_extra_trees": "True",
      "methods:LightGBM:LightGBM_feature_fraction": 0.6699699939467365,