{
  "stats": {
    "submitted": 14,
    "finished": 14,
    "running": 0
  },
  "data": [
    [
      1,
      null,
      1791095845,
      null,
      0.11925000000000008,
      5.8650970458984375e-05,
      1,
      1716825796.4812224,
      1716825796.481281,
      {}
    ],
    [
      2,
      null,
      1791095845,
      null,
      0.20500000000000007,
      7.987022399902344e-05,
      1,
      1716825796.5461574,
      1716825796.5462372,
      {}
    ],
    [
      3,
      null,
      1791095845,
      null,
      0.976,
      6.866455078125e-05,
      1,
      1716825796.7753708,
      1716825796.7754395,
      {}
    ],
    [
      4,
      null,
      1791095845,
      null,
      0.11925000000000008,
      6.866455078125e-05,
      1,
      1716825799.0530062,
      1716825799.0530748,
      {}
    ],
    [
      5,
      null,
      1791095845,
      null,
      0.976,
      7.05718994140625e-05,
      1,
      1716825799.5999684,
      1716825799.600039,
      {}
    ],
    [
      6,
      null,
      1791095845,
      null,
      0.11925000000000008,
      7.343292236328125e-05,
      1,
      1716825806.344981,
      1716825806.3450544,
      {}
    ],
    [
      7,
      null,
      1791095845,
      null,
      0.11925000000000008,
      6.914138793945312e-05,
      1,
      1716825806.418054,
      1716825806.4181232,
      {}
    ],
    [
      8,
      null,
      1791095845,
      null,
      0.11925000000000008,
      7.939338684082031e-05,
      1,
      1716825806.4906697,
      1716825806.4907491,
      {}
    ],
    [
      9,
      null,
      1791095845,
      null,
      0.13649999999999995,
      8.20159912109375e-05,
      1,
      1716825806.6561542,
      1716825806.6562362,
      {}
    ],
    [
      10,
      null,
      1791095845,
      null,
      0.1915,
      7.534027099609375e-05,
      1,
      1716825807.1699846,
      1716825807.17006,
      {}
    ],
    [
      11,
      null,
      1791095845,
      null,
      0.129,
      8.320808410644531e-05,
      1,
      1716825807.8856444,
      1716825807.8857276,
      {}
    ],
    [
      12,
      null,
      1791095845,
      null,
      0.13800000000000012,
      6.818771362304688e-05,
      1,
      1716825808.3387418,
      1716825808.33881,
      {}
    ],
    [
      13,
      null,
      1791095845,
      null,
      0.24750000000000005,
      7.700920104980469e-05,
      1,
      1716825808.901692,
      1716825808.901769,
      {}
    ],
    [
      14,
      null,
      1791095845,
      null,
      0.976,
      6.937980651855469e-05,
      1,
      1716825810.2613897,
      1716825810.261459,
      {}
    ]
  ],
  "configs": {
    "1": {
      "methods:RandomForest:RandomForest_max_features": "sqrt",
      "methods:RandomForest:RandomForest_max_leaf_nodes": 27500,
      "methods:RandomForest:RandomForest_min_samples_leaf": "1"
    },
    "2": {
      "methods:RandomForest:RandomForest_max_features": "log2",
      "methods:RandomForest:RandomForest_max_leaf_nodes": 10763,
      "methods:RandomForest:RandomForest_min_samples_leaf": "5"
    },
    "3": {
      "methods:RandomForest:RandomForest_max_features": "sqrt",
      "methods:RandomForest:RandomForest_max_leaf_nodes": 35142,
      "methods:RandomForest:RandomForest_min_samples_leaf": "80"
    },
    "4": {
      "methods:RandomForest:RandomForest_max_features": "sqrt",
      "methods:RandomForest:RandomForest_max_leaf_nodes": 28532,
      "methods:RandomForest:RandomForest_min_samples_leaf": "1"
    },
    "5": {
      "methods:RandomForest:RandomForest_max_features": "0.5",
      "methods:RandomForest:RandomForest_max_leaf_nodes": 25435,
      "methods:RandomForest:RandomForest_min_samples_leaf": "40"
    },
    "6": {
      "methods:RandomForest:RandomForest_max_features": "sqrt",
      "methods:RandomForest:RandomForest_max_leaf_nodes": 21321,
      "methods:RandomForest:RandomForest_min_samples_leaf": "1"
    },
    "7": {
      "methods:RandomForest:RandomForest_max_features": "sqrt",
      "methods:RandomForest:RandomForest_max_leaf_nodes": 5903,
      "methods:RandomForest:RandomForest_min_samples_leaf": "1"
    },
    "8": {
      "methods:RandomForest:RandomForest_max_features": "sqrt",
      "methods:RandomForest:RandomForest_max_leaf_nodes": 11995,
      "methods:RandomForest:RandomForest_min_samples_leaf": "1"
    },
    "9": {
      "methods:RandomForest:RandomForest_max_features": "sqrt",
      "methods:RandomForest:RandomForest_max_leaf_nodes": 5673,
      "methods:RandomForest:RandomForest_min_samples_leaf": "3"
    },
    "10": {
      "methods:RandomForest:RandomForest_max_features": "1.0",
      "methods:RandomForest:RandomForest_max_leaf_nodes": 42420,
      "methods:RandomForest:RandomForest_min_samples_leaf": "10"
    },
    "11": {
      "methods:RandomForest:RandomForest_max_features": "0.75",
      "methods:RandomForest:RandomForest_max_leaf_nodes": 28310,
      "methods:RandomForest:RandomForest_min_samples_leaf": "2"
    },
    "12": {
      "methods:RandomForest:RandomForest_max_features": "sqrt",
      "methods:RandomForest:RandomForest_max_leaf_nodes": 11772,
      "methods:RandomForest:RandomForest_min_samples_leaf": "4"
    },
    "13": {
      "methods:RandomForest:RandomForest_max_features": "0.75",
      "methods:RandomForest:RandomForest_max_leaf_nodes": 40050,
      "methods:RandomForest:RandomForest_min_samples_leaf": "20"
    },
    "14": {
      "methods:RandomForest:RandomForest_max_features": "0.75",
      "methods:RandomForest:RandomForest_max_leaf_nodes": 28482,
      "methods:RandomForest:RandomForest_min_samples_leaf": "40"
    }
  },
  "config_origins": {
    "1": "Initial design",
    "2": "Initial Design: FixedSet Random",
    "3": "Fixed Set",
    "4": "Fixed Set",
    "5": "Fixed Set",
    "6": "Fixed Set",
    "7": "Fixed Set",
    "8": "Fixed Set",
    "9": "Fixed Set",
    "10": "Fixed Set",
    "11": "Fixed Set",
    "12": "Fixed Set",
    "13": "Fixed Set",
    "14": "Fixed Set"
  }
}